[
    {
        "id": 1,
        "brand": "Toyota"
    },
    {   
        "id": 2,
        "brand": "BMW"
    },
    {
        "id": 3,
        "brand": "Mercedes"
    },
    {
        "id": 4,
        "brand": "Range Rover"
    },
    {
        "id": 5,
        "brand": "Porsche"
    },
    {
        "id": 6,
        "brand": "Nissan"
    },
    {
        "id": 7,
        "brand": "Hyundai"
    },
    {
        "id": 8,
        "brand": "Volkswagen"
    },
    {
        "id": 9,
        "brand": "Mitsubishi"
    },
    {
        "id": 10,
        "brand": "Kia"
    },
    {
        "id": 11,
        "brand": "Lexus"
    },
    {
        "id": 12,
        "brand": "MG"
    },
    {
        "id": 13,
        "brand": "Tesla"
    },
    {
        "id": 14,
        "brand": "Ford"
    },
    {
        "id": 15,
        "brand": "Audi"
    },
    {
        "id": 16,
        "brand": "Jeep"
    },
    {
        "id": 17,
        "brand": "Lamborghini"
    },
    {
        "id": 18,
        "brand": "Infiniti"
    }
]